course_id,Recommended Course 1,Recommended Course 2,Recommended Course 3,Recommended Course 4,Recommended Course 5,Recommended Course 6,Recommended Course 7,Recommended Course 8,Recommended Course 9,Recommended Course 10
AI0111EN,excourse61,excourse60,excourse46,BENTEST4,excourse47,SW0201EN,ML0151EN,DAI101EN,excourse77,GPXX0XENEN
BC0101EN,BC0201EN,CO0101EN,CP0101EN,BC0202EN,BD0135EN,excourse71,BENTEST4,EE0101EN,DAI101EN,DP0101EN
BC0201EN,BC0101EN,BC0202EN,CB0101EN,GPXX06KEEN,SW0201EN,GPXX0FFCEN,GPXX01DCEN,CB0103EN,CL0101EN,CO0201EN
BC0202EN,ML0201EN,BC0201EN,GPXX0742EN,BC0101EN,IT0101EN,CB0101EN,GPXX04XJEN,CB0105ENv1,CB0103EN,GPXX04P5EN
BD0101EN,excourse67,excourse72,excourse74,BD0145EN,excourse68,excourse76,excourse70,excourse75,BD0111EN,BD0141EN
BD0111EN,BD0133EN,BD0141EN,excourse75,excourse67,excourse68,BD0131EN,BD0101EN,excourse74,excourse32,RP0105EN
BD0115EN,excourse67,excourse68,BD0101EN,excourse74,excourse72,BD0111EN,excourse76,BD0145EN,excourse70,excourse32
BD0121EN,BD0111EN,DA0151EN,RP0105EN,excourse15,excourse04,excourse33,BD0141EN,BD0153EN,excourse67,excourse82
BD0123EN,RP0105EN,excourse32,excourse63,excourse38,excourse64,excourse68,DA0101EN,excourse33,HCC105EN,excourse09
BD0131EN,excourse32,excourse68,excourse36,excourse23,excourse09,DS0110EN,excourse33,excourse04,excourse67,DA0101EN
BD0133EN,BD0111EN,BD0141EN,BD0101EN,excourse75,excourse67,excourse68,excourse74,BD0131EN,BD0145EN,excourse72
BD0135EN,excourse31,excourse67,excourse71,BD0101EN,excourse74,excourse68,EE0101EN,RP0105EN,excourse65,excourse72
BD0137EN,excourse45,excourse16,excourse08,SN0111EN,PA0101EN,DE0205EN,excourse84,excourse12,excourse49,excourse21
BD0141EN,excourse32,BD0111EN,excourse68,excourse67,excourse33,excourse74,excourse36,excourse23,excourse75,DA0101EN
BD0143EN,excourse68,excourse67,excourse74,BD0101EN,excourse72,excourse32,excourse75,excourse31,excourse36,excourse23
BD0145EN,excourse72,BD0101EN,excourse67,excourse74,excourse68,excourse73,excourse04,excourse06,excourse70,excourse76
BD0151EN,TA0105,TMP0101EN,TA0105EN,WA0101EN,WA0103EN,TA0106EN,DA0151EN,excourse78,SW0101EN,excourse74
BD0153EN,excourse67,excourse68,excourse32,excourse33,excourse74,excourse36,excourse23,excourse72,excourse04,excourse69
BD0211EN,excourse05,excourse42,BD0212EN,SC0103EN,excourse76,TMP0105EN,excourse74,excourse67,excourse71,SC0105EN
BD0212EN,excourse05,SC0103EN,excourse42,BD0211EN,TMP0105EN,excourse71,SC0105EN,excourse31,RP0105EN,BD0223EN
BD0221EN,excourse69,excourse47,SC0105EN,ML0151EN,excourse46,ML0101ENv3,excourse52,BD0223EN,excourse60,ML0109EN
BD0223EN,SC0103EN,TMP0105EN,excourse05,excourse42,BD0221EN,SC0105EN,BD0212EN,BD0211EN,excourse31,RP0105EN
BENTEST4,excourse46,excourse60,ML0115EN,excourse47,ML0151EN,excourse61,excourse51,ML0122EN,ML0122ENv3,ML0101ENv3
CB0101EN,CB0103EN,CB0201EN,SW0201EN,CB0105ENv1,SW0101EN,ML0201EN,BC0201EN,BC0202EN,GPXX06KEEN,WA0103EN
CB0103EN,CB0101EN,CB0201EN,CB0105ENv1,SW0101EN,SW0201EN,GPXX06KEEN,ML0201EN,WA0101EN,BC0201EN,excourse77
CB0105ENv1,SW0101EN,CB0201EN,ML0201EN,CB0103EN,CB0101EN,GPXX0KV4EN,TMP0101EN,TA0105,BD0151EN,IT0101EN
CB0201EN,CB0103EN,CB0101EN,CB0105ENv1,WA0101EN,SW0101EN,SN0111EN,SW0201EN,WA0103EN,ML0201EN,excourse77
CC0101EN,excourse24,excourse28,excourse25,excourse30,excourse26,excourse43,CC0103EN,CL0101EN,excourse29,excourse27
CC0103EN,CL0101EN,excourse24,CC0120EN,excourse25,CC0121EN,excourse30,CO0301EN,CC0101EN,excourse43,CO0201EN
CC0120EN,CL0101EN,CC0103EN,excourse24,CC0121EN,CO0301EN,excourse25,CC0101EN,CO0201EN,GPXX04V3EN,GPXX0T3CEN
CC0121EN,CC0103EN,CL0101EN,CC0120EN,CO0193EN,excourse24,excourse25,CO0401EN,CO0301EN,excourse30,CO0201EN
CC0150EN,CC0250EN,excourse44,excourse30,excourse43,EE0101EN,excourse24,excourse31,CO0201EN,CO0301EN,CC0101EN
CC0201EN,GPXX0HZ2EN,CO0201EN,CO0301EN,excourse43,GPXX0FTCEN,CO0193EN,CC0101EN,CO0101EN,GPXX0HAAEN,excourse44
CC0210EN,GPXX0T0FEN,excourse24,HCC104EN,excourse26,excourse28,excourse30,excourse25,CC0101EN,excourse43,QC0101EN
CC0250EN,CC0150EN,excourse24,excourse43,CC0103EN,excourse26,excourse30,EE0101EN,CC0101EN,excourse25,CL0101EN
CC0271EN,CL0101EN,CC0103EN,excourse24,excourse25,excourse30,CC0120EN,CC0101EN,excourse43,excourse28,HCC104EN
CL0101EN,CC0103EN,excourse24,CC0120EN,excourse25,CO0201EN,CO0301EN,excourse30,GPXX04V3EN,CC0271EN,CC0121EN
CNSC02EN,SECM03EN,excourse32,excourse24,DS0110EN,excourse36,excourse23,excourse68,excourse33,excourse30,excourse09
CO0101EN,GPXX0FTCEN,GPXX01AVEN,CC0201EN,BC0101EN,CO0201EN,excourse44,excourse45,GPXX0SDXEN,COM001EN,EE0101EN
CO0193EN,HCC104EN,HCC105EN,excourse25,excourse24,CC0121EN,CC0103EN,excourse30,excourse43,CC0201EN,CL0101EN
CO0201EN,CO0301EN,CL0101EN,CO0401EN,COM001EN,GPXX0HZ2EN,CC0103EN,CC0201EN,excourse44,GPXX0HAAEN,CC0120EN
CO0301EN,CO0401EN,CO0201EN,CL0101EN,CC0103EN,excourse24,CC0120EN,GPXX0HZ2EN,excourse30,CC0201EN,excourse43
CO0302EN,GPXX0HAAEN,RAVSCTEST1,excourse91,excourse41,excourse08,GPXX0ZMZEN,GPXX0HZ2EN,excourse16,COM001EN,CO0201EN
CO0401EN,CO0301EN,CO0201EN,CC0103EN,excourse24,CL0101EN,excourse30,excourse44,COM001EN,CC0120EN,excourse25
COM001EN,CO0201EN,GPXX0HZ2EN,excourse44,CO0401EN,GPXX0FFCEN,GPXX0HAAEN,excourse87,GPXX0QU9EN,CO0301EN,CC0201EN
CP0101EN,BC0101EN,GPXX04HEEN,excourse02,DP0101EN,excourse07,excourse13,GPXX048OEN,excourse06,excourse75,CC0101EN
DA0101EN,excourse23,excourse36,excourse32,excourse38,excourse33,excourse09,excourse68,DS0110EN,excourse62,excourse22
DA0151EN,RP0103EN,excourse81,excourse37,RP0105EN,excourse33,RP0151EN,excourse82,excourse32,excourse23,excourse36
DA0201EN,excourse33,excourse32,DA0101EN,excourse34,excourse36,excourse23,DA0151EN,excourse38,excourse64,excourse39
DAI101EN,DS0132EN,excourse32,excourse68,excourse36,excourse23,excourse33,DA0101EN,DS0110EN,excourse74,excourse63
DB0101EN,RP0103,BD0145EN,excourse07,GPXX0NHZEN,GPXX07REN,excourse11,excourse72,excourse01,excourse73,excourse13
DB0111EN,DB0113EN,DB0115EN,GPXX0LLEEN,ML0122EN,ML0122ENv3,DW0101EN,RP0103EN,GPXX0NHZEN,excourse45,excourse56
DB0113EN,DB0115EN,DB0111EN,GPXX0LLEEN,PA0101EN,RP0103EN,excourse08,excourse07,excourse01,DS0301EN,BD0137EN
DB0115EN,DB0113EN,DB0111EN,DS0301EN,GPXX0LLEEN,BD0212EN,PA0101EN,BD0211EN,GPXX03HFEN,SC0103EN,excourse39
DB0151EN,excourse03,RP0103EN,GPXX0TY1EN,excourse10,GPXX06ZLEN,RP0103,excourse72,GPXX0XFQEN,excourse01,excourse08
DE0205EN,excourse32,excourse74,excourse33,DA0101EN,excourse36,excourse23,excourse68,excourse63,excourse04,excourse64
DJ0101EN,excourse32,excourse23,excourse36,excourse68,excourse04,DS0110EN,excourse33,excourse09,DA0101EN,excourse65
DP0101EN,excourse63,excourse32,DS0101EN,excourse65,excourse33,DS0110EN,excourse36,excourse23,DA0101EN,excourse64
DS0101EN,DS0110EN,excourse63,excourse65,TMP0106,excourse32,excourse04,excourse36,excourse23,DS0201EN,DS0107
DS0103EN,DS0110EN,excourse63,DS0101EN,excourse65,TMP0106,TMP107,DS0107,DS0201EN,DX0106EN,excourse64
DS0105EN,DS0110EN,excourse63,excourse32,DS0101EN,excourse09,excourse65,excourse68,excourse23,excourse36,excourse38
DS0107,DS0110EN,DS0101EN,excourse63,excourse65,TMP0106,TMP107,DS0201EN,DX0106EN,excourse32,excourse36
DS0110EN,DS0101EN,excourse63,excourse32,excourse65,TMP0106,excourse23,excourse36,excourse68,DS0201EN,excourse04
DS0132EN,DAI101EN,excourse32,DS0110EN,excourse68,excourse36,excourse23,excourse09,excourse04,excourse38,excourse33
DS0201EN,DS0110EN,excourse32,DS0101EN,excourse65,excourse63,excourse68,TMP0106,excourse23,excourse36,excourse09
DS0301EN,excourse32,DS0110EN,excourse68,excourse04,excourse74,excourse23,excourse36,excourse09,excourse33,DA0101EN
DS0321EN,BD0137EN,excourse16,DP0101EN,QC0101EN,ST0101EN,excourse74,SN0111EN,excourse19,excourse45,excourse08
DV0101EN,DV0151EN,excourse23,excourse36,excourse32,DA0101EN,excourse38,excourse85,excourse62,excourse22,excourse33
DV0151EN,DV0101EN,excourse85,excourse32,excourse36,excourse23,excourse82,DA0101EN,excourse33,excourse68,RP0101EN
DW0101EN,excourse47,excourse46,ML0101ENv3,ML0151EN,excourse60,excourse69,ML0109EN,excourse48,GPXX04XJEN,excourse51
DX0106EN,TMP0106,DX0107EN,DX0108EN,TMP107,DS0110EN,DS0101EN,excourse63,excourse68,excourse67,excourse65
DX0107EN,DX0108EN,TMP107,DX0106EN,TMP0106,DS0110EN,excourse22,excourse62,DS0101EN,excourse63,PY0101EN
DX0108EN,DX0107EN,TMP107,DX0106EN,TMP0106,DS0110EN,excourse22,excourse62,DS0101EN,excourse63,PY0101EN
EE0101EN,CC0250EN,CC0150EN,excourse24,excourse26,excourse30,CC0103EN,excourse28,excourse43,CC0101EN,BD0135EN
GPXX01AVEN,GPXX04TNEN,GPXX05LMEN,GPXX0HZ2EN,CO0101EN,GPXX0FTCEN,GPXX0SDXEN,GPXX08WYEN,GPXX0I4FEN,GPXX07YGEN,GPXX07UGEN
GPXX01DCEN,GPXX04P5EN,GPXX0ZMZEN,ML0122ENv1,ML0120ENv3,ML0120EN,ML0120ENv2,GPXX0KY1EN,excourse36,excourse23,RP0103EN
GPXX01RYEN,GPXX0725EN,GPXX0XFQEN,GPXX0MIIEN,GPXX06ZLEN,GPXX0LLEEN,GPXX0NHZEN,excourse14,GPXX0M6UEN,GPXX06RFEN,GPXX097UEN
GPXX03HFEN,excourse88,excourse89,excourse90,GPXX0KV4EN,excourse79,excourse15,excourse19,excourse87,DS0301EN,DB0115EN
GPXX0435EN,GPXX0PG8EN,GPXX0IBEN,DA0101EN,excourse38,GPXX0ZMZEN,GPXX0KY1EN,excourse34,GPXX0JZ4EN,excourse36,excourse23
GPXX048OEN,GPXX04HEEN,GPXX0BUBEN,GPXX0KHHEN,excourse50,PA0107EN,GPXX0IBEN,GPXX04XJEN,SW0201EN,GPXX0742EN,excourse79
GPXX04HEEN,GPXX048OEN,GPXX0BUBEN,GPXX0IBEN,CP0101EN,GPXX0WTIEN,GPXX04P5EN,excourse71,GPXX0NHZEN,GPXX06ZLEN,GPXX0UN5EN
GPXX04MXEN,GPXX07UGEN,GPXX0YXHEN,BD0211EN,LB0103ENv1,excourse14,GPXX0FFCEN,GPXX0SDXEN,GPXX05LMEN,GPXX0JGFEN,excourse11
GPXX04P5EN,GPXX01DCEN,GPXX0KHHEN,GPXX0IBEN,excourse36,excourse23,GPXX0PG8EN,RP0103EN,GPXX06ZLEN,excourse33,PA0109EN
GPXX04TNEN,GPXX0FFCEN,GPXX01AVEN,GPXX0Z2PEN,GPXX05LMEN,GPXX0YXHEN,OS0101EN,GPXX0SDXEN,GPXX0JGFEN,GPXX0MP0EN,GPXX0HZ2EN
GPXX04V3EN,CL0101EN,CC0103EN,CC0120EN,excourse24,CO0301EN,CO0201EN,excourse87,RP0103EN,PY0101EN,CC0271EN
GPXX04XJEN,ML0115EN,excourse60,excourse46,excourse47,ML0151EN,ML0122ENv3,GPXX0742EN,excourse61,ML0101ENv3,excourse51
GPXX05LMEN,GPXX07UGEN,GPXX01AVEN,GPXX0FFCEN,GPXX0I4FEN,GPXX0G31EN,GPXX08WYEN,GPXX04TNEN,GPXX0SDXEN,GPXX0A1YEN,GPXX0IHMEN
GPXX05P1EN,GPXX0I4FEN,GPXX0UMSEN,GPXX0WRDEN,LB0109ENv1,GPXX08WYEN,GPXX0YBFEN,LB0105ENv1,LB0101ENv1,GPXX07UGEN,GPXX0ZG0EN
GPXX05RDEN,excourse32,excourse33,excourse23,excourse36,DA0151EN,excourse38,excourse68,DA0101EN,DS0110EN,excourse09
GPXX06KEEN,BC0201EN,CB0103EN,CB0101EN,CB0201EN,SW0201EN,SW0101EN,GPXX04HEEN,BC0202EN,GPXX0D14EN,ML0201EN
GPXX06RFEN,GPXX0T3CEN,excourse10,GPXX0725EN,GPXX01RYEN,excourse07,GPXX0TY1EN,DB0151EN,SN0111EN,GPXX0IBEN,GPXX06ZLEN
GPXX06ZLEN,GPXX0XFQEN,GPXX0MIIEN,GPXX0725EN,GPXX0LLEEN,excourse33,GPXX01RYEN,excourse04,excourse11,RP0103EN,excourse36
GPXX0725EN,GPXX01RYEN,GPXX06ZLEN,GPXX0XFQEN,GPXX0LLEEN,GPXX0MIIEN,excourse10,GPXX0NHZEN,GPXX0M6UEN,GPXX06RFEN,GPXX097UEN
GPXX0742EN,GPXX04XJEN,BC0202EN,GPXX0ZYVEN,excourse55,GPXX048OEN,CB0101EN,CNSC02EN,GPXX04P5EN,GPXX0NHZEN,GPXX04HEEN
GPXX07REN,GPXX0NHZEN,DB0101EN,excourse27,excourse29,GPXX0WTIEN,excourse53,BENTEST4,OS0101EN,excourse10,excourse13
GPXX07UGEN,GPXX0I4FEN,GPXX05LMEN,GPXX0YXHEN,GPXX0UMSEN,LB0105ENv1,GPXX08WYEN,GPXX01AVEN,GPXX0G31EN,GPXX05P1EN,GPXX0FFCEN
GPXX07YGEN,GPXX08WYEN,GPXX0HZ2EN,GPXX0HAAEN,GPXX0I4FEN,GPXX0QU9EN,GPXX01AVEN,GPXX0IHMEN,GPXX0XV3EN,GPXX0E3QEN,GPXX07UGEN
GPXX08WYEN,GPXX07YGEN,GPXX0I4FEN,GPXX0IHMEN,GPXX0XV3EN,GPXX0W7KEN,GPXX01AVEN,GPXX05P1EN,GPXX07UGEN,GPXX0JLHEN,GPXX0QTEEN
GPXX097UEN,GPXX0M6UEN,GPXX0TY1EN,GPXX06ZLEN,GPXX0XFQEN,GPXX0725EN,GPXX01RYEN,GPXX0T3CEN,GPXX0MIIEN,GPXX06RFEN,GPXX0LLEEN
GPXX0A1YEN,GPXX0G31EN,GPXX01AVEN,GPXX05LMEN,GPXX0IHMEN,GPXX0XV3EN,GPXX0I4FEN,GPXX0G3KEN,GPXX07UGEN,GPXX08WYEN,LB0105ENv1
GPXX0ADEN,GPXX0G81EN,GPXX0RL8EN,GPXX0M7ZEN,GPXX0FFCEN,GPXX0MP0EN,GPXX0JGFEN,excourse87,GPXX04TNEN,excourse92,CO0401EN
GPXX0BSAEN,excourse33,excourse36,excourse23,excourse09,excourse32,GPXX05P1EN,excourse38,GPXX06ZLEN,excourse04,GPXX0G31EN
GPXX0BUBEN,GPXX0IBEN,GPXX04HEEN,GPXX048OEN,excourse42,SC0103EN,SC0105EN,excourse05,TMP0105EN,RP0105EN,ML0111EN
GPXX0D14EN,GPXX06KEEN,CB0201EN,SW0201EN,CB0103EN,CB0101EN,GPXX0UN5EN,GPXX04XJEN,GPXX0742EN,GPXX0PICEN,BC0201EN
GPXX0E3QEN,GPXX08WYEN,GPXX07YGEN,GPXX0I4FEN,GPXX0IHMEN,GPXX0W7KEN,GPXX0XV3EN,GPXX01AVEN,GPXX0HZ2EN,GPXX0QTEEN,GPXX0G3KEN
GPXX0FFCEN,GPXX04TNEN,GPXX0YXHEN,GPXX0ADEN,GPXX0RL8EN,GPXX0G81EN,GPXX0MP0EN,GPXX05LMEN,GPXX0Z2PEN,GPXX0JGFEN,excourse87
GPXX0FTCEN,CO0101EN,GPXX01AVEN,CC0201EN,excourse91,excourse45,GPXX0KHHEN,GPXX04TNEN,GPXX0YXHEN,GPXX0NHZEN,GPXX0HZ2EN
GPXX0G31EN,GPXX0A1YEN,GPXX05LMEN,GPXX0I4FEN,excourse32,GPXX01AVEN,excourse23,excourse36,GPXX07UGEN,excourse09,excourse33
GPXX0G3KEN,GPXX01AVEN,GPXX0G31EN,GPXX08WYEN,GPXX0I4FEN,GPXX0A1YEN,GPXX05LMEN,GPXX07UGEN,GPXX0IHMEN,GPXX0XV3EN,GPXX07YGEN
GPXX0G81EN,GPXX0ADEN,GPXX0RL8EN,GPXX0M7ZEN,GPXX0FFCEN,GPXX0MP0EN,GPXX0JGFEN,excourse87,GPXX04TNEN,excourse92,CO0401EN
GPXX0HAAEN,GPXX07YGEN,GPXX0HZ2EN,CO0201EN,COM001EN,CC0201EN,GPXX04V3EN,RP0103EN,GPXX0WRDEN,GPXX0QU9EN,GPXX04P5EN
GPXX0HC7EN,PY0101EN,GPXX0IBEN,GPXX04V3EN,excourse20,GPXX04HEEN,excourse22,excourse62,excourse16,GPXX06ZLEN,GPXX0XFQEN
GPXX0HZ2EN,CO0201EN,GPXX07YGEN,GPXX01AVEN,CC0201EN,GPXX0HAAEN,CO0301EN,COM001EN,GPXX0QU9EN,GPXX04TNEN,CO0401EN
GPXX0I4FEN,GPXX05P1EN,GPXX0UMSEN,GPXX07UGEN,LB0105ENv1,GPXX08WYEN,GPXX0WRDEN,GPXX0IHMEN,LB0101ENv1,GPXX0XV3EN,LB0109ENv1
GPXX0IBEN,GPXX0PG8EN,GPXX0435EN,GPXX0BUBEN,excourse23,excourse36,DA0101EN,GPXX04HEEN,ST0201EN,GPXX04P5EN,excourse83
GPXX0IHMEN,GPXX0XV3EN,GPXX0ZG0EN,GPXX08WYEN,GPXX0I4FEN,GPXX0UMSEN,GPXX0W7KEN,GPXX0YBFEN,GPXX07YGEN,GPXX01AVEN,GPXX0G31EN
GPXX0JGFEN,GPXX0M7ZEN,GPXX0ZG0EN,GPXX0FFCEN,GPXX0JLHEN,GPXX0QR3EN,GPXX0ADEN,GPXX0G81EN,GPXX0RL8EN,GPXX04TNEN,GPXX0MP0EN
GPXX0JLHEN,GPXX0QR3EN,GPXX08WYEN,GPXX0I4FEN,GPXX0ZG0EN,GPXX0JGFEN,GPXX0IHMEN,GPXX0W7KEN,GPXX07YGEN,GPXX0XV3EN,GPXX05P1EN
GPXX0JZ4EN,GPXX0Q8AEN,excourse38,excourse32,excourse69,DA0101EN,excourse33,excourse36,excourse23,TMP0101EN,DA0151EN
GPXX0KHHEN,GPXX04P5EN,GPXX0PG8EN,excourse23,excourse36,DS0110EN,DA0101EN,GPXX0IBEN,excourse63,DS0105EN,GPXX0ZMZEN
GPXX0KV4EN,IT0101EN,CB0105ENv1,GPXX03HFEN,GPXX0LLEEN,GPXX06RFEN,ML0201EN,SW0201EN,excourse90,excourse87,excourse88
GPXX0KY1EN,GPXX0IBEN,GPXX0ZMZEN,GPXX01DCEN,GPXX0435EN,GPXX0PG8EN,excourse66,excourse63,GPXX04P5EN,DS0110EN,excourse06
GPXX0LLEEN,DB0113EN,GPXX06ZLEN,GPXX0NHZEN,GPXX0XFQEN,CC0103EN,GPXX01RYEN,GPXX0725EN,CL0101EN,CO0301EN,DB0115EN
GPXX0M6UEN,GPXX097UEN,GPXX0TY1EN,GPXX01RYEN,GPXX0725EN,GPXX0T3CEN,RP0103EN,GPXX06RFEN,excourse10,GPXX06ZLEN,GPXX0IBEN
GPXX0M7ZEN,GPXX0JGFEN,GPXX0RL8EN,GPXX0G81EN,GPXX0ADEN,GPXX0W7KEN,GPXX0MP0EN,GPXX0FFCEN,GPXX0IHMEN,GPXX0YBFEN,GPXX0UMSEN
GPXX0MIIEN,GPXX0XFQEN,GPXX06ZLEN,GPXX0NHZEN,GPXX01RYEN,GPXX0725EN,GPXX0LLEEN,excourse14,RP0103EN,GPXX0A1YEN,excourse33
GPXX0MP0EN,GPXX0FFCEN,GPXX0RL8EN,GPXX0G81EN,GPXX0ADEN,GPXX04TNEN,GPXX0M7ZEN,GPXX0JGFEN,GPXX04V3EN,GPXX05LMEN,GPXX0IHMEN
GPXX0NHZEN,GPXX0MIIEN,GPXX0LLEEN,excourse13,excourse32,GPXX06ZLEN,GPXX0XFQEN,excourse04,excourse38,GPXX07REN,excourse33
GPXX0PG8EN,GPXX0IBEN,DA0101EN,excourse23,excourse36,GPXX0435EN,excourse38,excourse32,excourse33,excourse34,GPXX0KHHEN
GPXX0PICEN,PY0101EN,excourse20,excourse62,excourse22,excourse16,TMP107,excourse17,GPXX06RFEN,GPXX0YMEEN,DX0107EN
GPXX0Q8AEN,GPXX0JZ4EN,excourse38,excourse32,DA0101EN,excourse23,excourse36,excourse33,DA0151EN,excourse02,GPXX0PG8EN
GPXX0QJFEN,GPXX04TNEN,GPXX0RL8EN,GPXX0ADEN,GPXX0G81EN,GPXX0FFCEN,GPXX05LMEN,GPXX0JGFEN,GPXX0MP0EN,GPXX01AVEN,GPXX0M7ZEN
GPXX0QQ3EN,DS0132EN,DAI101EN,BENTEST4,GPXX06RFEN,ML0201EN,HCC105EN,AI0111EN,GPXX0T0FEN,GPXX0LLEEN,SN0111EN
GPXX0QR3EN,GPXX0JLHEN,GPXX0ZG0EN,GPXX0JGFEN,GPXX08WYEN,GPXX07YGEN,GPXX0I4FEN,GPXX0UMSEN,GPXX0IHMEN,GPXX0W7KEN,GPXX0XV3EN
GPXX0QS6EN,GPXX08WYEN,GPXX0QTEEN,GPXX0I4FEN,GPXX0IHMEN,GPXX0JLHEN,GPXX0W7KEN,GPXX0XV3EN,GPXX0UMSEN,GPXX07YGEN,GPXX07UGEN
GPXX0QTEEN,GPXX0QU9EN,GPXX08WYEN,GPXX0W7KEN,GPXX0I4FEN,GPXX0IHMEN,GPXX0XV3EN,GPXX0QS6EN,GPXX0JLHEN,GPXX07YGEN,GPXX05P1EN
GPXX0QU9EN,GPXX0QTEEN,GPXX07YGEN,GPXX0HZ2EN,GPXX08WYEN,GPXX0I4FEN,GPXX0IHMEN,COM001EN,GPXX01AVEN,GPXX0XV3EN,GPXX05LMEN
GPXX0RL8EN,GPXX0ADEN,GPXX0G81EN,GPXX0M7ZEN,GPXX0FFCEN,GPXX0MP0EN,GPXX0JGFEN,excourse87,GPXX04TNEN,excourse92,CO0401EN
GPXX0RQLEN,GPXX06ZLEN,GPXX0XFQEN,GPXX0MIIEN,GPXX0725EN,GPXX097UEN,GPXX01RYEN,excourse10,RP0103EN,GPXX0M6UEN,excourse07
GPXX0SDXEN,GPXX01AVEN,GPXX05LMEN,GPXX04TNEN,GPXX07UGEN,GPXX0YXHEN,GPXX0HZ2EN,excourse44,GPXX0FFCEN,CO0101EN,GPXX0A1YEN
GPXX0T0FEN,CC0210EN,HCC104EN,OS0101EN,CO0201EN,excourse26,excourse24,CC0103EN,GPXX04V3EN,GPXX0LLEEN,GPXX0T3CEN
GPXX0T3CEN,GPXX0TY1EN,CL0101EN,CC0103EN,CC0120EN,GPXX0LLEEN,GPXX06RFEN,excourse72,excourse24,GPXX04V3EN,excourse66
GPXX0TY1EN,GPXX0T3CEN,GPXX097UEN,DB0151EN,GPXX0M6UEN,excourse10,GPXX06RFEN,excourse68,GPXX06ZLEN,excourse13,GPXX0XFQEN
GPXX0UMSEN,GPXX0I4FEN,LB0105ENv1,GPXX05P1EN,GPXX0ZG0EN,LB0101ENv1,GPXX07UGEN,GPXX0IHMEN,GPXX0XV3EN,GPXX0WRDEN,LB0109ENv1
GPXX0UN5EN,excourse78,excourse79,WA0103EN,excourse77,DA0151EN,BD0151EN,GPXX04HEEN,PA0109EN,GPXX0IBEN,GPXX0435EN
GPXX0W7KEN,GPXX08WYEN,GPXX0IHMEN,GPXX0XV3EN,GPXX0I4FEN,GPXX0M7ZEN,GPXX0QTEEN,GPXX0JLHEN,GPXX07YGEN,GPXX05P1EN,GPXX0YBFEN
GPXX0WRDEN,GPXX05P1EN,GPXX0I4FEN,GPXX0UMSEN,LB0109ENv1,GPXX0ZG0EN,LB0105ENv1,LB0101ENv1,GPXX07UGEN,GPXX0HAAEN,GPXX04V3EN
GPXX0WTIEN,GPXX0YMEEN,excourse57,excourse55,excourse53,ML0101ENv3,GPXX07REN,excourse47,excourse46,excourse20,GPXX04HEEN
GPXX0XENEN,excourse46,excourse60,ML0151EN,ML0115EN,BENTEST4,excourse47,excourse61,ML0101ENv3,excourse69,ML0122ENv3
GPXX0XFQEN,GPXX06ZLEN,GPXX0MIIEN,GPXX01RYEN,GPXX0LLEEN,excourse33,GPXX0725EN,excourse04,excourse11,RP0103EN,excourse36
GPXX0XV3EN,GPXX0IHMEN,GPXX0ZG0EN,GPXX08WYEN,GPXX0I4FEN,GPXX0UMSEN,GPXX0W7KEN,GPXX0YBFEN,GPXX07YGEN,GPXX01AVEN,GPXX0QTEEN
GPXX0YBFEN,GPXX0IHMEN,GPXX0XV3EN,GPXX05P1EN,GPXX08WYEN,GPXX0UMSEN,GPXX0I4FEN,GPXX07YGEN,GPXX0JLHEN,GPXX0W7KEN,GPXX0M7ZEN
GPXX0YMEEN,GPXX0WTIEN,GPXX0T0FEN,PY0101EN,excourse17,BD0101EN,ML0101ENv3,excourse22,excourse62,excourse46,GPXX04V3EN
GPXX0YXHEN,GPXX07UGEN,GPXX0FFCEN,GPXX04TNEN,GPXX0SDXEN,GPXX05LMEN,GPXX05P1EN,GPXX0Z2PEN,GPXX01AVEN,GPXX08WYEN,GPXX0IHMEN
GPXX0Z2PEN,GPXX0FFCEN,GPXX04TNEN,GPXX01AVEN,GPXX0YXHEN,COM001EN,GPXX0MP0EN,PHPM002EN,GPXX0SDXEN,OS0101EN,CO0101EN
GPXX0ZG0EN,GPXX0IHMEN,GPXX0XV3EN,GPXX0UMSEN,GPXX0JGFEN,LB0105ENv1,GPXX0I4FEN,GPXX0QR3EN,GPXX0JLHEN,LB0101ENv1,GPXX07UGEN
GPXX0ZMZEN,excourse67,excourse69,DS0110EN,excourse32,excourse68,excourse65,GPXX01DCEN,excourse63,excourse38,excourse36
GPXX0ZYVEN,DA0101EN,excourse38,GPXX0JZ4EN,DA0151EN,GPXX0Q8AEN,excourse32,GPXX0PG8EN,excourse33,excourse23,excourse36
HCC104EN,HCC105EN,CO0193EN,excourse24,excourse25,CC0210EN,CL0101EN,excourse30,GPXX0T0FEN,CNSC02EN,CC0103EN
HCC105EN,HCC104EN,CO0193EN,excourse24,excourse25,CL0101EN,CNSC02EN,excourse30,CC0103EN,CC0271EN,DS0132EN
IT0101EN,ML0201EN,GPXX0KV4EN,GPXX0FFCEN,BC0202EN,CB0105ENv1,SW0101EN,GPXX0JGFEN,SW0201EN,GPXX0FTCEN,excourse15
LB0101ENv1,LB0105ENv1,LB0107ENv1,LB0103ENv1,LB0111EN,LB0109ENv1,GPXX0UMSEN,GPXX0I4FEN,GPXX05P1EN,GPXX0ZG0EN,GPXX07UGEN
LB0103ENv1,LB0101ENv1,LB0107ENv1,LB0105ENv1,LB0109ENv1,LB0111EN,GPXX0UMSEN,GPXX0I4FEN,excourse01,GPXX05P1EN,BD0137EN
LB0105ENv1,LB0101ENv1,GPXX0UMSEN,GPXX0I4FEN,LB0111EN,LB0107ENv1,LB0109ENv1,GPXX07UGEN,GPXX0ZG0EN,LB0103ENv1,GPXX05P1EN
LB0107ENv1,LB0101ENv1,LB0105ENv1,LB0111EN,LB0109ENv1,LB0103ENv1,GPXX0UMSEN,GPXX0I4FEN,excourse01,GPXX05P1EN,GPXX0ZG0EN
LB0109ENv1,LB0101ENv1,LB0105ENv1,LB0107ENv1,LB0111EN,GPXX0I4FEN,GPXX05P1EN,GPXX0UMSEN,GPXX0WRDEN,LB0103ENv1,GPXX0ZG0EN
LB0111EN,LB0101ENv1,LB0105ENv1,LB0107ENv1,LB0109ENv1,GPXX0UMSEN,LB0103ENv1,GPXX0I4FEN,GPXX05P1EN,GPXX0ZG0EN,GPXX07UGEN
ML0101EN,ML0101ENv3,excourse47,ML0151EN,excourse46,ML0109EN,excourse60,excourse69,excourse48,excourse51,PA0103EN
ML0101ENv3,ML0151EN,excourse47,excourse46,excourse60,ML0109EN,excourse69,excourse51,excourse48,excourse61,ML0101EN
ML0103EN,excourse74,DS0201EN,excourse68,excourse67,excourse32,excourse33,excourse72,excourse09,excourse02,excourse40
ML0109EN,excourse46,ML0151EN,excourse47,ML0101ENv3,excourse60,excourse69,excourse51,excourse48,excourse52,ML0115EN
ML0111EN,ML0151EN,SC0105EN,excourse47,ML0101ENv3,RP0105EN,excourse46,BD0221EN,ML0109EN,excourse60,excourse69
ML0115EN,ML0122ENv3,excourse60,excourse46,GPXX04XJEN,excourse61,ML0151EN,BENTEST4,ML0101ENv3,ML0122EN,excourse47
ML0120EN,ML0120ENv2,ML0120ENv3,ML0122ENv1,excourse32,excourse36,excourse23,excourse65,excourse04,excourse68,DS0110EN
ML0120ENv2,ML0120ENv2,ML0120ENv3,ML0122ENv1,excourse32,excourse36,excourse23,excourse65,excourse04,excourse68,DS0110EN
ML0120ENv3,ML0120ENv2,ML0120ENv3,ML0122ENv1,excourse32,excourse36,excourse23,excourse65,excourse04,excourse68,DS0110EN
ML0122EN,ML0122ENv3,ML0115EN,excourse60,excourse61,BENTEST4,excourse46,ML0122ENv1,excourse47,ML0120ENv3,ML0120EN
ML0122ENv1,ML0120ENv2,ML0120EN,ML0120ENv3,excourse32,excourse36,excourse23,excourse65,excourse04,excourse68,DS0110EN
ML0122ENv3,ML0115EN,ML0122EN,excourse60,excourse61,excourse46,GPXX04XJEN,ML0151EN,excourse47,BENTEST4,excourse77
ML0151EN,excourse46,excourse47,ML0101ENv3,excourse60,ML0109EN,excourse69,excourse51,excourse48,excourse61,ML0115EN
ML0201EN,SW0101EN,SW0201EN,BC0202EN,CB0105ENv1,IT0101EN,DS0132EN,CB0101EN,AI0111EN,DAI101EN,WA0103EN
OS0101EN,DS0105EN,GPXX04TNEN,GPXX0T0FEN,GPXX0FFCEN,DS0110EN,excourse27,excourse29,excourse38,CC0103EN,RP0151EN
PA0101EN,SN0111EN,excourse35,DB0113EN,excourse16,BD0137EN,excourse12,excourse45,excourse08,ST0101EN,excourse17
PA0103EN,ML0101ENv3,ML0151EN,excourse47,excourse46,ML0109EN,PA0107EN,excourse60,excourse69,excourse51,excourse48
PA0107EN,excourse47,ML0151EN,excourse20,PA0103EN,excourse69,ML0101ENv3,TMP0101EN,excourse46,excourse60,TA0105
PA0109EN,DA0151EN,GPXX04P5EN,RP0103EN,excourse84,TMP0101EN,GPXX0HAAEN,GPXX0IBEN,GPXX0JLHEN,GPXX05RDEN,GPXX07YGEN
PHPM002EN,GPXX04V3EN,excourse87,GPXX0Z2PEN,COM001EN,GPXX0FFCEN,GPXX01RYEN,GPXX0WRDEN,excourse01,excourse89,excourse92
PY0101EN,excourse22,excourse62,TMP107,excourse20,DA0101EN,excourse23,excourse36,excourse16,DX0107EN,excourse38
QC0101EN,CC0101EN,excourse28,excourse24,excourse26,CC0210EN,excourse30,excourse25,excourse43,excourse29,excourse27
RAVSCTEST1,excourse45,BD0137EN,excourse16,CO0302EN,SN0111EN,excourse01,excourse08,PA0101EN,DE0205EN,excourse12
RP0101EN,excourse37,excourse81,excourse86,excourse80,DS0110EN,excourse82,DA0151EN,excourse32,RP0151EN,DX0106EN
RP0103,RP0103EN,DA0151EN,excourse81,excourse37,DB0101EN,excourse82,excourse86,excourse85,excourse11,excourse13
RP0103EN,DA0151EN,RP0103,excourse37,excourse81,excourse82,excourse86,excourse85,excourse80,RP0151EN,GPXX06ZLEN
RP0105EN,DA0151EN,excourse68,excourse05,excourse32,excourse23,excourse36,TMP0105EN,excourse67,excourse76,excourse33
RP0151EN,excourse81,excourse37,excourse86,DA0151EN,excourse80,excourse82,RP0101EN,excourse85,RP0103EN,RP0105EN
SC0101EN,excourse63,DS0110EN,excourse65,DS0101EN,excourse86,excourse32,excourse33,excourse04,excourse23,excourse36
SC0103EN,SC0105EN,excourse05,TMP0105EN,excourse42,BD0212EN,BD0211EN,BD0223EN,excourse71,excourse31,RP0105EN
SC0105EN,SC0103EN,TMP0105EN,excourse69,excourse05,excourse42,RP0105EN,excourse47,excourse31,excourse52,ML0151EN
SECM03EN,CNSC02EN,excourse24,CC0103EN,excourse91,DS0201EN,CL0101EN,CC0121EN,CC0120EN,excourse44,CC0250EN
SN0111EN,excourse16,excourse45,PA0101EN,BD0137EN,excourse12,excourse54,excourse40,excourse08,excourse26,DE0205EN
ST0101EN,ST0301EN,ST0201EN,GPXX0IBEN,excourse83,excourse40,excourse54,excourse21,excourse49,PA0101EN,SN0111EN
ST0201EN,ST0301EN,ST0101EN,GPXX0IBEN,excourse83,GPXX0PG8EN,GPXX0KY1EN,GPXX0KHHEN,GPXX0435EN,GPXX04P5EN,excourse21
ST0301EN,ST0201EN,ST0101EN,GPXX0IBEN,excourse83,excourse49,excourse21,GPXX0ZMZEN,PA0109EN,GPXX0KY1EN,GPXX0PG8EN
SW0101EN,SW0201EN,ML0201EN,CB0105ENv1,TMP0101EN,TA0105,CB0201EN,CB0103EN,CC0121EN,CB0101EN,WA0101EN
SW0201EN,SW0101EN,ML0201EN,AI0111EN,CB0101EN,CB0103EN,CB0201EN,BC0201EN,GPXX08WYEN,GPXX01AVEN,GPXX07YGEN
TA0105,TMP0101EN,TA0105EN,BD0151EN,excourse69,WA0101EN,excourse47,ML0151EN,excourse52,excourse48,WA0103EN
TA0105EN,TA0105,TMP0101EN,BD0151EN,WA0103EN,excourse69,excourse32,ML0122ENv1,ML0120ENv2,ML0120ENv3,ML0120EN
TA0106EN,TA0105,BD0151EN,TA0105EN,TMP0101EN,WA0101EN,WA0103EN,excourse01,excourse31,LB0107ENv1,excourse74
TMP0101EN,TA0105,TA0105EN,BD0151EN,excourse69,GPXX0JZ4EN,excourse38,excourse47,excourse48,DA0151EN,ML0151EN
TMP0105EN,excourse05,SC0103EN,SC0105EN,excourse42,RP0105EN,excourse31,excourse32,excourse76,BD0212EN,excourse68
TMP0106,DX0106EN,TMP107,DX0107EN,DS0110EN,DX0108EN,DS0101EN,excourse63,excourse68,excourse67,excourse65
TMP107,DX0107EN,DX0108EN,TMP0106,DX0106EN,DS0110EN,excourse22,excourse62,DS0101EN,excourse63,PY0101EN
WA0101EN,WA0103EN,TA0105,BD0151EN,CB0201EN,SW0101EN,TA0105EN,TMP0101EN,TA0106EN,excourse74,ML0201EN
WA0103EN,WA0101EN,TA0105EN,TA0105,BD0151EN,excourse74,TMP0101EN,CB0201EN,ML0201EN,GPXX0UN5EN,excourse28
excourse01,excourse03,excourse07,excourse13,excourse02,excourse08,excourse11,RP0103EN,DB0101EN,excourse31,excourse16
excourse02,excourse13,excourse32,excourse68,excourse67,excourse33,excourse23,excourse36,excourse11,DA0101EN,excourse74
excourse03,excourse01,DB0151EN,excourse02,excourse13,excourse54,excourse40,excourse08,excourse74,excourse68,excourse31
excourse04,excourse32,excourse33,excourse36,excourse23,excourse09,excourse68,DS0110EN,excourse65,excourse67,excourse38
excourse05,excourse42,TMP0105EN,SC0103EN,RP0105EN,excourse32,SC0105EN,excourse31,excourse04,excourse23,excourse36
excourse06,excourse04,excourse65,excourse32,excourse33,DS0110EN,excourse63,excourse36,excourse23,excourse66,excourse09
excourse07,excourse13,excourse11,excourse02,excourse06,excourse01,excourse72,excourse08,BD0145EN,DB0101EN,excourse04
excourse08,excourse36,excourse23,excourse22,excourse62,DA0101EN,excourse16,excourse33,excourse38,excourse32,excourse74
excourse09,excourse32,excourse33,excourse36,excourse23,excourse04,excourse68,DS0110EN,DA0101EN,excourse38,excourse67
excourse10,GPXX0725EN,GPXX06RFEN,DB0151EN,excourse01,excourse07,GPXX0TY1EN,GPXX01RYEN,excourse03,excourse13,DB0113EN
excourse11,excourse32,excourse04,excourse36,excourse23,excourse72,excourse02,excourse68,excourse13,excourse33,excourse09
excourse12,excourse16,excourse15,excourse19,excourse08,excourse18,excourse17,excourse28,PA0101EN,BD0137EN,excourse84
excourse13,excourse02,excourse68,excourse32,excourse04,excourse33,excourse11,excourse72,excourse74,excourse23,excourse36
excourse14,GPXX0NHZEN,GPXX01RYEN,GPXX0MIIEN,excourse08,excourse07,BD0145EN,excourse72,GPXX0725EN,excourse01,DB0101EN
excourse15,excourse16,excourse17,excourse19,excourse18,PY0101EN,excourse12,excourse22,excourse62,excourse84,excourse20
excourse16,excourse17,excourse15,excourse08,excourse19,excourse62,excourse22,PY0101EN,excourse12,excourse18,excourse21
excourse17,excourse16,excourse15,excourse62,excourse22,excourse19,PY0101EN,excourse08,excourse49,excourse21,excourse18
excourse18,excourse19,excourse15,excourse16,excourse22,excourse62,PY0101EN,excourse17,excourse12,excourse84,excourse08
excourse19,excourse22,excourse62,excourse15,excourse16,excourse17,PY0101EN,excourse18,excourse20,excourse36,excourse23
excourse20,excourse22,excourse62,PY0101EN,excourse36,excourse23,excourse38,TMP107,DA0101EN,excourse19,excourse08
excourse21,excourse21,excourse22,excourse62,excourse69,excourse38,excourse54,excourse40,DA0101EN,PY0101EN,excourse36
excourse22,excourse62,excourse21,excourse49,PY0101EN,TMP107,excourse23,excourse36,excourse38,DA0101EN,excourse08
excourse23,excourse36,excourse32,DA0101EN,excourse33,excourse38,excourse09,DS0110EN,excourse04,excourse68,excourse65
excourse24,excourse25,CC0101EN,excourse30,excourse28,CL0101EN,CC0103EN,excourse43,excourse26,CC0250EN,CC0120EN
excourse25,excourse24,excourse30,CC0101EN,excourse28,CL0101EN,excourse43,CC0103EN,excourse26,CO0193EN,CC0250EN
excourse26,excourse43,excourse24,excourse28,excourse30,excourse25,CC0101EN,CC0250EN,CC0103EN,excourse54,excourse40
excourse27,excourse27,CC0101EN,excourse24,excourse28,excourse30,excourse25,excourse43,excourse26,excourse31,excourse15
excourse28,excourse24,CC0101EN,excourse25,excourse30,excourse26,excourse43,excourse74,CC0103EN,CL0101EN,excourse29
excourse29,excourse27,CC0101EN,excourse24,excourse28,excourse30,excourse25,excourse43,excourse26,excourse31,excourse15
excourse30,excourse24,excourse25,excourse28,excourse43,CC0101EN,excourse31,excourse26,CC0103EN,CL0101EN,CC0250EN
excourse31,excourse30,excourse68,excourse67,excourse05,excourse32,excourse74,excourse72,TMP0105EN,RP0105EN,excourse04
excourse32,excourse33,excourse36,excourse23,excourse68,excourse09,DA0101EN,excourse04,DS0110EN,excourse38,excourse74
excourse33,excourse32,excourse36,excourse23,excourse09,DA0101EN,excourse04,excourse38,excourse68,DS0110EN,excourse74
excourse34,excourse32,excourse33,excourse23,excourse36,excourse65,DA0101EN,DS0101EN,excourse04,excourse63,DS0110EN
excourse35,excourse41,excourse21,excourse49,excourse33,excourse69,PA0101EN,excourse54,excourse40,excourse02,excourse32
excourse36,excourse36,excourse32,DA0101EN,excourse33,excourse38,excourse09,DS0110EN,excourse04,excourse68,excourse65
excourse37,excourse81,excourse80,excourse86,excourse82,DA0151EN,RP0151EN,excourse85,RP0101EN,excourse09,RP0103EN
excourse38,excourse32,excourse23,excourse36,DA0101EN,excourse33,DS0110EN,excourse22,excourse62,excourse09,excourse04
excourse39,excourse33,excourse41,excourse32,excourse23,excourse36,excourse65,excourse04,DA0101EN,excourse06,excourse38
excourse40,excourse40,excourse69,excourse52,excourse33,excourse32,excourse38,excourse49,excourse21,excourse47,excourse23
excourse41,excourse39,excourse33,excourse36,excourse23,excourse32,excourse09,excourse74,excourse04,excourse38,excourse35
excourse42,excourse05,TMP0105EN,SC0103EN,SC0105EN,BD0212EN,BD0211EN,RP0105EN,excourse71,excourse76,excourse31
excourse43,excourse26,excourse24,excourse30,excourse28,excourse25,CC0101EN,CC0250EN,CC0103EN,excourse44,CL0101EN
excourse44,CO0201EN,excourse43,CC0150EN,excourse30,CO0401EN,COM001EN,CC0250EN,excourse24,CO0301EN,excourse26
excourse45,excourse16,BD0137EN,SN0111EN,excourse17,excourse08,RAVSCTEST1,excourse44,GPXX01AVEN,PA0101EN,excourse12
excourse46,ML0151EN,excourse47,excourse60,ML0101ENv3,ML0109EN,excourse61,excourse69,BENTEST4,excourse51,ML0115EN
excourse47,excourse46,ML0151EN,ML0101ENv3,excourse60,excourse69,excourse61,ML0109EN,excourse51,excourse52,excourse48
excourse48,excourse47,ML0151EN,excourse46,ML0101ENv3,ML0109EN,excourse60,TMP0101EN,excourse51,excourse77,excourse69
excourse49,excourse21,excourse22,excourse62,excourse69,excourse38,excourse54,excourse40,DA0101EN,PY0101EN,excourse36
excourse50,DS0201EN,excourse65,excourse63,DS0110EN,DS0101EN,excourse36,excourse23,excourse33,excourse04,excourse32
excourse51,excourse52,excourse53,excourse47,excourse46,ML0151EN,excourse60,ML0101ENv3,excourse69,ML0109EN,excourse61
excourse52,excourse51,excourse69,excourse53,excourse47,excourse32,excourse54,excourse40,excourse60,excourse38,ML0120EN
excourse53,excourse51,excourse52,excourse60,excourse47,excourse46,ML0151EN,excourse61,ML0101ENv3,excourse69,ML0109EN
excourse54,excourse40,excourse69,excourse52,excourse33,excourse32,excourse38,excourse49,excourse21,excourse47,excourse23
excourse55,excourse57,GPXX0WTIEN,excourse56,GPXX0742EN,excourse79,DW0101EN,excourse61,excourse77,excourse59,excourse78
excourse56,excourse57,excourse58,ML0115EN,excourse61,excourse47,excourse46,excourse60,excourse63,ML0122ENv3,excourse55
excourse57,excourse56,excourse58,excourse46,excourse61,excourse55,ML0115EN,excourse47,excourse60,ML0122ENv3,GPXX0WTIEN
excourse58,excourse57,excourse56,excourse16,excourse61,excourse15,excourse86,excourse12,excourse47,excourse45,excourse08
excourse59,excourse57,excourse55,GPXX0KHHEN,excourse90,GPXX0T0FEN,DS0105EN,excourse45,GPXX0WTIEN,SC0105EN,excourse77
excourse60,excourse61,excourse47,excourse46,ML0115EN,ML0151EN,ML0101ENv3,BENTEST4,excourse77,excourse51,ML0122ENv3
excourse61,excourse60,excourse47,excourse46,excourse77,ML0151EN,ML0115EN,ML0101ENv3,excourse69,ML0122ENv3,BENTEST4
excourse62,excourse62,excourse21,excourse49,PY0101EN,TMP107,excourse23,excourse36,excourse38,DA0101EN,excourse08
excourse63,DS0110EN,DS0101EN,excourse65,excourse64,excourse32,TMP0106,excourse68,excourse23,excourse36,DS0105EN
excourse64,excourse63,excourse32,excourse23,excourse36,DS0110EN,excourse65,excourse68,excourse33,DA0101EN,excourse04
excourse65,excourse63,DS0110EN,excourse32,DS0101EN,excourse23,excourse36,excourse04,excourse64,excourse06,excourse33
excourse66,excourse65,DS0110EN,excourse63,excourse06,DS0101EN,excourse64,excourse32,TMP0106,excourse70,excourse04
excourse67,excourse68,excourse74,excourse72,BD0101EN,excourse32,excourse70,excourse75,excourse23,excourse36,DS0110EN
excourse68,excourse67,excourse32,excourse72,excourse74,DS0110EN,excourse36,excourse23,excourse04,excourse09,excourse33
excourse69,excourse52,excourse47,excourse68,excourse38,excourse32,excourse40,excourse54,excourse67,ML0151EN,excourse46
excourse70,excourse67,excourse68,excourse72,BD0101EN,excourse74,excourse32,excourse76,DS0110EN,excourse69,excourse33
excourse71,excourse42,excourse05,excourse31,excourse74,excourse68,excourse67,excourse75,SC0103EN,BD0101EN,TMP0105EN
excourse72,excourse68,excourse67,BD0145EN,excourse74,BD0101EN,excourse32,excourse04,excourse70,excourse76,excourse33
excourse73,BD0145EN,excourse72,excourse04,excourse11,excourse68,excourse74,excourse09,excourse06,excourse05,excourse67
excourse74,excourse67,excourse68,excourse32,excourse72,BD0101EN,excourse33,excourse23,excourse36,excourse04,excourse09
excourse75,excourse67,excourse68,excourse72,excourse32,excourse74,BD0101EN,BD0111EN,excourse33,excourse23,excourse36
excourse76,BD0101EN,excourse72,excourse67,excourse68,excourse70,RP0105EN,excourse74,excourse75,excourse32,excourse05
excourse77,excourse78,excourse60,excourse61,ML0115EN,excourse47,excourse79,ML0151EN,excourse48,ML0122ENv3,excourse53
excourse78,excourse77,excourse79,TMP0101EN,DA0151EN,GPXX0UN5EN,GPXX04P5EN,BD0151EN,excourse50,TA0105,excourse48
excourse79,excourse78,excourse77,excourse50,GPXX04P5EN,excourse20,RP0103EN,DA0151EN,excourse15,excourse55,GPXX0UN5EN
excourse80,excourse37,excourse81,excourse86,RP0151EN,RP0101EN,excourse82,DA0151EN,excourse85,excourse84,RP0103EN
excourse81,excourse81,excourse80,excourse86,excourse82,DA0151EN,RP0151EN,excourse85,RP0101EN,excourse09,RP0103EN
excourse82,excourse85,excourse37,excourse81,excourse86,DA0151EN,RP0151EN,excourse80,RP0101EN,excourse36,excourse23
excourse83,excourse23,excourse36,excourse85,excourse86,excourse33,excourse32,excourse82,DA0101EN,DA0151EN,excourse04
excourse84,excourse81,excourse37,ML0151EN,excourse80,excourse86,excourse47,excourse82,RP0151EN,excourse40,excourse54
excourse85,excourse82,excourse37,excourse81,excourse86,excourse32,DA0151EN,excourse68,excourse36,excourse23,excourse33
excourse86,excourse37,excourse81,excourse82,excourse80,RP0151EN,excourse85,RP0101EN,DA0151EN,excourse63,excourse36
excourse87,excourse90,excourse92,GPXX0FFCEN,GPXX04V3EN,excourse91,COM001EN,GPXX0ADEN,GPXX0G81EN,GPXX0RL8EN,GPXX0W7KEN
excourse88,excourse89,excourse90,excourse93,excourse92,excourse39,GPXX03HFEN,excourse17,excourse58,excourse06,excourse84
excourse89,excourse93,excourse88,GPXX03HFEN,excourse87,excourse90,CC0150EN,excourse91,excourse31,BD0135EN,excourse08
excourse90,excourse87,excourse92,excourse15,GPXX0FFCEN,excourse88,excourse91,GPXX04V3EN,excourse89,GPXX03HFEN,excourse19
excourse91,excourse87,GPXX0FTCEN,excourse90,SECM03EN,excourse01,excourse92,excourse40,excourse54,excourse35,excourse08
excourse92,excourse87,excourse90,GPXX0RL8EN,GPXX0G81EN,GPXX0ADEN,GPXX0FFCEN,COM001EN,excourse88,excourse91,GPXX04V3EN
excourse93,excourse32,excourse33,excourse04,excourse74,excourse68,excourse65,excourse36,excourse23,excourse02,DA0101EN
